,Reservoir Pressure(psia),Np(MMstb),Rp(scf/stb),Bo(rb/stb),Rs(scf/stb),Bg(rb/scf)
0,3330,0.0,0,1.2511,510,0.00087
1,3150,3.295,1050,1.2353,477,0.00092
2,3000,5.903,1060,1.2222,450,0.00096
3,2850,8.852,1160,1.2122,425,0.00101
4,2700,11.503,1235,1.2022,401,0.00107
5,2550,14.513,1265,1.1922,375,0.00113
6,2400,17.73,1300,1.1822,352,0.0012
